fixed acidity,volatile acidity,citric acid,residual sugar,chlorides,free sulfur dioxide,total sulfur dioxide,density,pH,sulphates,alcohol,quality,non-free sulfur dioxide,zeros
7.8,0.56,0.19,2.0,0.081,17.0,108.0,996.1999999999999,3.32,0.54,9.5,5,91.0,0
10.5,0.26,0.47,1.9,0.078,6.0,24.0,997.6,3.18,1.04,10.9,7,18.0,0
8.1,0.66,0.7,2.2,0.098,25.0,129.0,997.1999999999999,3.08,0.53,9.0,5,104.0,0
6.5,0.46,0.14,2.4,0.114,9.0,37.0,997.3199999999999,3.66,0.65,9.8,5,28.0,0
6.8,0.65,0.02,2.1,0.078,8.0,15.0,994.98,3.35,0.62,10.4,6,7.0,0
